user_id,name,email,city,signup_date
1,Alexis Schroeder,tricia17@example.org,Michaelhaven,2025-01-25
2,Adam Wade,daviddeleon@example.net,Bellbury,2025-03-09
3,David James MD,cwilkins@example.net,West Chelseafurt,2025-02-28
4,Jeffery Cole,hmatthews@example.net,Tracychester,2024-02-09
5,Emily Garrison,kfrank@example.com,West Jonathanberg,2024-03-08
6,Mike Hernandez,perezchristina@example.net,Lake Kimberly,2024-05-22
7,Susan Mccarty,stacey71@example.com,Lake Nicholasstad,2025-09-16
8,Kaitlyn Smith,oliviahernandez@example.com,Cindymouth,2025-10-26
9,John Mack,fcalderon@example.org,North David,2024-08-14
10,Douglas Lester,william80@example.com,Torresburgh,2024-06-21
11,Ann Medina,yperez@example.net,Andreberg,2024-12-02
12,Sarah Dorsey DDS,vspears@example.org,Aaronfurt,2023-11-17
13,Margaret Lee,tiffanyhall@example.net,Port Noah,2025-04-10
14,Jeffery Smith,lisa46@example.com,North Douglasland,2025-01-16
15,Anthony Delgado,jennifermckee@example.org,Bellfurt,2024-04-10
16,Karina Hayden,ashleypitts@example.net,Port Jared,2025-06-18
17,Jeffery Woodard,michaeljones@example.net,Bondtown,2025-01-09
18,Michael Hanson,harperhannah@example.com,Destinyport,2025-01-01
19,Jose Sanders,hessbrian@example.com,South Joshuaville,2025-06-27
20,Bruce Duke,olopez@example.net,Port Peter,2024-05-27
21,Joseph Smith,martinezjessica@example.org,Nguyenton,2024-03-16
22,Debra Wilson,rachel69@example.net,Jenniferberg,2024-11-10
23,Susan Davis,ugross@example.com,Hunterfurt,2025-03-24
24,Lisa Fleming,yperkins@example.net,Alexisview,2023-11-25
25,James Day,vnelson@example.org,Port Josephshire,2024-10-11
26,Randall Ford,dennis07@example.org,Joshuahaven,2025-10-09
27,Tracy Gross,rodriguezangela@example.com,Brittanyville,2024-02-13
28,Timothy Richardson,xbyrd@example.org,Lake Thomas,2024-03-14
29,Anna Parks,clarkvalerie@example.net,Millerbury,2024-01-03
30,Amanda Washington,oyoung@example.com,New Saraville,2025-08-13
31,Kelly Spencer,carrie10@example.net,Martinport,2025-08-16
32,Betty Young,patrickturner@example.org,New Barbaramouth,2024-07-14
33,Jonathan Nelson,schneidermelissa@example.com,Reginaburgh,2024-01-03
34,Joshua Rosario,billdiaz@example.org,Sarahside,2024-09-21
35,Steven Rodriguez,morrismark@example.com,Port Melissa,2025-02-27
36,Brandi Jones,silvamichael@example.org,South Kevin,2024-03-04
37,Joseph Bailey,dfischer@example.org,Jacksontown,2025-10-23
38,Tyler Campbell,randy58@example.com,Wilsonberg,2025-10-06
39,Wesley Smith,qfarmer@example.net,North Phillip,2024-11-11
40,Jessica Parsons,jason56@example.net,Lake David,2025-01-15
41,Jennifer Walls,brian53@example.org,Russellborough,2025-09-29
42,Danny Garcia,richardacosta@example.net,Port Marie,2024-07-27
43,Eric Rangel,vmassey@example.com,Moorehaven,2024-08-19
44,Alicia Maxwell,murraylisa@example.com,West Teresa,2024-08-27
45,Barry Robinson,delacruztroy@example.com,Robertfort,2024-02-08
46,Jeffrey Burgess,pgomez@example.net,West Timothyview,2024-03-11
47,Joseph Rogers,nicolegreen@example.com,Kimberlyville,2025-07-18
48,Sandra Watkins,austinhamilton@example.com,Thomasview,2025-01-02
49,Joanne Valdez,nkirk@example.org,Francisborough,2025-11-07
50,Mercedes Mckenzie,reginaprice@example.com,Port Marcusbury,2025-08-13
